,coddoc,Adq_Ahorro
0,CODDOC0001,0
1,CODDOC0002,0
2,CODDOC0003,0
3,CODDOC0004,0
4,CODDOC0006,0
5,CODDOC0009,0
6,CODDOC0010,0
7,CODDOC0011,0
8,CODDOC0015,0
9,CODDOC0019,0
10,CODDOC0021,0
11,CODDOC0022,0
12,CODDOC0025,0
13,CODDOC0030,0
14,CODDOC0031,1
15,CODDOC0033,0
16,CODDOC0034,0
17,CODDOC0036,0
18,CODDOC0037,1
19,CODDOC0041,0
20,CODDOC0044,0
21,CODDOC0045,0
22,CODDOC0046,0
23,CODDOC0047,0
24,CODDOC0048,0
25,CODDOC0049,0
26,CODDOC0050,1
27,CODDOC0053,0
28,CODDOC0054,1
29,CODDOC0055,0
30,CODDOC0056,0
31,CODDOC0059,0
32,CODDOC0060,0
33,CODDOC0066,0
34,CODDOC0068,0
35,CODDOC0070,0
36,CODDOC0071,1
37,CODDOC0074,0
38,CODDOC0075,0
39,CODDOC0077,0
40,CODDOC0079,0
41,CODDOC0081,1
42,CODDOC0082,0
43,CODDOC0083,0
44,CODDOC0087,0
45,CODDOC0089,0
46,CODDOC0090,0
47,CODDOC0092,0
48,CODDOC0093,0
49,CODDOC0094,0
50,CODDOC0095,0
51,CODDOC0096,0
52,CODDOC0099,0
53,CODDOC0100,1
54,CODDOC0101,0
55,CODDOC0102,0
56,CODDOC0103,0
57,CODDOC0104,0
58,CODDOC0106,0
59,CODDOC0107,0
60,CODDOC0108,0
61,CODDOC0110,0
62,CODDOC0115,1
63,CODDOC0116,0
64,CODDOC0117,0
65,CODDOC0119,0
66,CODDOC0121,0
67,CODDOC0122,0
68,CODDOC0124,0
69,CODDOC0125,0
70,CODDOC0127,0
71,CODDOC0132,0
72,CODDOC0134,0
73,CODDOC0136,0
74,CODDOC0138,0
75,CODDOC0139,1
76,CODDOC0141,0
77,CODDOC0142,0
78,CODDOC0144,0
79,CODDOC0148,0
80,CODDOC0149,0
81,CODDOC0151,0
82,CODDOC0158,0
83,CODDOC0159,0
84,CODDOC0161,0
85,CODDOC0165,1
86,CODDOC0166,0
87,CODDOC0167,0
88,CODDOC0168,0
89,CODDOC0170,0
90,CODDOC0171,0
91,CODDOC0173,0
92,CODDOC0174,0
93,CODDOC0175,0
94,CODDOC0178,0
95,CODDOC0180,0
96,CODDOC0181,0
97,CODDOC0182,0
98,CODDOC0184,0
99,CODDOC0185,0
100,CODDOC0186,0
101,CODDOC0188,0
102,CODDOC0190,1
103,CODDOC0193,0
104,CODDOC0197,0
105,CODDOC0201,0
106,CODDOC0205,1
107,CODDOC0207,0
108,CODDOC0211,0
109,CODDOC0212,0
110,CODDOC0213,0
111,CODDOC0219,0
112,CODDOC0220,0
113,CODDOC0222,0
114,CODDOC0225,0
115,CODDOC0230,0
116,CODDOC0231,0
117,CODDOC0232,0
118,CODDOC0233,0
119,CODDOC0235,0
120,CODDOC0237,0
121,CODDOC0239,0
122,CODDOC0240,0
123,CODDOC0243,0
124,CODDOC0245,0
125,CODDOC0246,0
126,CODDOC0247,0
127,CODDOC0248,0
128,CODDOC0249,0
129,CODDOC0253,0
130,CODDOC0256,0
131,CODDOC0257,0
132,CODDOC0258,0
133,CODDOC0259,0
134,CODDOC0260,1
135,CODDOC0261,0
136,CODDOC0263,0
137,CODDOC0264,0
138,CODDOC0265,1
139,CODDOC0268,0
140,CODDOC0270,0
141,CODDOC0271,0
142,CODDOC0272,1
143,CODDOC0273,0
144,CODDOC0275,0
145,CODDOC0276,0
146,CODDOC0277,1
147,CODDOC0282,0
148,CODDOC0284,0
149,CODDOC0288,0
150,CODDOC0290,1
151,CODDOC0291,1
152,CODDOC0292,0
153,CODDOC0293,0
154,CODDOC0296,1
155,CODDOC0297,0
156,CODDOC0298,1
157,CODDOC0302,0
158,CODDOC0303,0
159,CODDOC0308,0
160,CODDOC0311,0
161,CODDOC0312,0
162,CODDOC0315,1
163,CODDOC0316,0
164,CODDOC0321,0
165,CODDOC0323,0
166,CODDOC0324,0
167,CODDOC0329,1
168,CODDOC0330,0
169,CODDOC0331,0
170,CODDOC0332,0
171,CODDOC0333,0
172,CODDOC0336,0
173,CODDOC0338,0
174,CODDOC0340,0
175,CODDOC0341,0
176,CODDOC0343,0
177,CODDOC0344,0
178,CODDOC0346,0
179,CODDOC0348,1
180,CODDOC0349,0
181,CODDOC0350,0
182,CODDOC0353,0
183,CODDOC0358,0
184,CODDOC0360,0
185,CODDOC0364,0
186,CODDOC0365,0
187,CODDOC0368,0
188,CODDOC0369,1
189,CODDOC0373,0
190,CODDOC0374,0
191,CODDOC0376,0
192,CODDOC0377,0
193,CODDOC0378,0
194,CODDOC0379,0
195,CODDOC0380,1
196,CODDOC0381,0
197,CODDOC0383,1
198,CODDOC0385,0
199,CODDOC0386,0
200,CODDOC0387,0
201,CODDOC0393,0
202,CODDOC0396,0
203,CODDOC0397,0
204,CODDOC0400,0
205,CODDOC0404,0
206,CODDOC0406,0
207,CODDOC0408,0
208,CODDOC0410,1
209,CODDOC0412,0
210,CODDOC0416,1
211,CODDOC0417,0
212,CODDOC0422,0
213,CODDOC0425,0
214,CODDOC0426,0
215,CODDOC0428,0
216,CODDOC0431,0
217,CODDOC0439,0
218,CODDOC0440,0
219,CODDOC0442,0
220,CODDOC0443,0
221,CODDOC0444,0
222,CODDOC0445,0
223,CODDOC0449,0
224,CODDOC0450,0
225,CODDOC0453,0
226,CODDOC0454,0
227,CODDOC0455,0
228,CODDOC0456,0
229,CODDOC0457,1
230,CODDOC0458,0
231,CODDOC0463,0
232,CODDOC0464,0
233,CODDOC0467,0
234,CODDOC0468,0
235,CODDOC0469,0
236,CODDOC0470,0
237,CODDOC0471,0
238,CODDOC0472,0
239,CODDOC0475,0
240,CODDOC0476,0
241,CODDOC0477,0
242,CODDOC0479,0
243,CODDOC0482,0
244,CODDOC0488,0
245,CODDOC0489,0
246,CODDOC0490,0
247,CODDOC0492,0
248,CODDOC0498,0
249,CODDOC0500,0
250,CODDOC0501,0
251,CODDOC0502,0
252,CODDOC0503,0
253,CODDOC0504,1
254,CODDOC0505,0
255,CODDOC0506,0
256,CODDOC0510,0
257,CODDOC0511,0
258,CODDOC0513,1
259,CODDOC0517,0
260,CODDOC0521,0
261,CODDOC0523,0
262,CODDOC0527,0
263,CODDOC0532,0
264,CODDOC0538,0
265,CODDOC0539,0
266,CODDOC0544,0
267,CODDOC0545,0
268,CODDOC0546,0
269,CODDOC0550,0
270,CODDOC0553,0
271,CODDOC0554,0
272,CODDOC0558,0
273,CODDOC0560,0
274,CODDOC0565,0
275,CODDOC0567,0
276,CODDOC0568,0
277,CODDOC0569,0
278,CODDOC0571,0
279,CODDOC0573,0
280,CODDOC0575,0
281,CODDOC0577,0
282,CODDOC0579,0
283,CODDOC0580,0
284,CODDOC0583,0
285,CODDOC0584,0
286,CODDOC0585,0
287,CODDOC0586,0
288,CODDOC0588,0
289,CODDOC0590,0
290,CODDOC0591,0
291,CODDOC0593,0
292,CODDOC0594,0
293,CODDOC0599,0
294,CODDOC0600,0
295,CODDOC0601,0
296,CODDOC0602,0
297,CODDOC0603,0
298,CODDOC0604,0
299,CODDOC0605,0
300,CODDOC0606,0
301,CODDOC0608,0
302,CODDOC0610,0
303,CODDOC0612,0
304,CODDOC0614,1
305,CODDOC0617,0
306,CODDOC0618,0
307,CODDOC0622,0
308,CODDOC0623,0
309,CODDOC0624,0
310,CODDOC0626,0
311,CODDOC0628,0
312,CODDOC0629,0
313,CODDOC0632,0
314,CODDOC0633,0
315,CODDOC0637,0
316,CODDOC0638,0
317,CODDOC0641,0
318,CODDOC0642,0
319,CODDOC0643,0
320,CODDOC0644,1
321,CODDOC0645,0
322,CODDOC0648,0
323,CODDOC0649,0
324,CODDOC0651,0
325,CODDOC0656,0
326,CODDOC0658,0
327,CODDOC0661,0
328,CODDOC0663,1
329,CODDOC0664,0
330,CODDOC0665,0
331,CODDOC0668,0
332,CODDOC0669,0
333,CODDOC0672,0
334,CODDOC0673,0
335,CODDOC0675,0
336,CODDOC0677,0
337,CODDOC0681,0
338,CODDOC0682,0
339,CODDOC0685,1
340,CODDOC0686,0
341,CODDOC0687,0
342,CODDOC0693,0
343,CODDOC0694,0
344,CODDOC0698,0
345,CODDOC0699,0
346,CODDOC0700,0
347,CODDOC0701,0
348,CODDOC0703,1
349,CODDOC0704,0
350,CODDOC0711,0
351,CODDOC0714,0
352,CODDOC0717,0
353,CODDOC0718,0
354,CODDOC0719,0
355,CODDOC0721,0
356,CODDOC0722,0
357,CODDOC0724,0
358,CODDOC0726,0
359,CODDOC0727,0
360,CODDOC0730,0
361,CODDOC0733,0
362,CODDOC0734,0
363,CODDOC0737,0
364,CODDOC0741,0
365,CODDOC0742,0
366,CODDOC0752,0
367,CODDOC0753,0
368,CODDOC0755,0
369,CODDOC0756,0
370,CODDOC0759,0
371,CODDOC0760,0
372,CODDOC0765,0
373,CODDOC0766,0
374,CODDOC0767,0
375,CODDOC0769,0
376,CODDOC0770,0
377,CODDOC0771,0
378,CODDOC0773,0
379,CODDOC0774,0
380,CODDOC0775,0
381,CODDOC0776,0
382,CODDOC0777,0
383,CODDOC0778,0
384,CODDOC0779,0
385,CODDOC0780,0
386,CODDOC0782,0
387,CODDOC0783,0
388,CODDOC0784,0
389,CODDOC0785,0
390,CODDOC0786,0
391,CODDOC0795,0
392,CODDOC0798,0
393,CODDOC0799,0
394,CODDOC0803,0
395,CODDOC0804,0
396,CODDOC0807,0
397,CODDOC0808,0
398,CODDOC0810,0
399,CODDOC0811,0
400,CODDOC0812,0
401,CODDOC0813,0
402,CODDOC0816,0
403,CODDOC0821,0
404,CODDOC0822,0
405,CODDOC0824,1
406,CODDOC0831,0
407,CODDOC0832,1
408,CODDOC0834,0
409,CODDOC0835,0
410,CODDOC0836,0
411,CODDOC0837,0
412,CODDOC0838,1
413,CODDOC0840,0
414,CODDOC0842,0
415,CODDOC0843,0
416,CODDOC0849,0
417,CODDOC0851,0
418,CODDOC0852,0
419,CODDOC0853,0
420,CODDOC0854,0
421,CODDOC0861,0
422,CODDOC0863,0
423,CODDOC0864,0
424,CODDOC0866,0
425,CODDOC0868,0
426,CODDOC0869,0
427,CODDOC0870,0
428,CODDOC0872,1
429,CODDOC0874,0
430,CODDOC0877,0
431,CODDOC0878,0
432,CODDOC0879,0
433,CODDOC0885,0
434,CODDOC0887,1
435,CODDOC0888,0
436,CODDOC0890,0
437,CODDOC0893,1
438,CODDOC0894,0
439,CODDOC0895,0
440,CODDOC0897,0
441,CODDOC0898,0
442,CODDOC0899,0
443,CODDOC0900,0
444,CODDOC0905,0
445,CODDOC0906,1
446,CODDOC0913,0
447,CODDOC0916,0
448,CODDOC0917,0
449,CODDOC0920,0
450,CODDOC0922,0
451,CODDOC0925,0
452,CODDOC0926,0
453,CODDOC0927,0
454,CODDOC0928,0
455,CODDOC0930,0
456,CODDOC0932,0
457,CODDOC0933,0
458,CODDOC0936,0
459,CODDOC0937,0
460,CODDOC0941,0
461,CODDOC0942,1
462,CODDOC0943,0
463,CODDOC0945,0
464,CODDOC0946,1
465,CODDOC0947,0
466,CODDOC0949,0
467,CODDOC0950,0
468,CODDOC0951,0
469,CODDOC0953,0
470,CODDOC0956,0
471,CODDOC0957,0
472,CODDOC0958,0
473,CODDOC0959,0
474,CODDOC0960,0
475,CODDOC0965,0
476,CODDOC0966,1
477,CODDOC0967,0
478,CODDOC0968,0
479,CODDOC0969,0
480,CODDOC0970,0
481,CODDOC0971,1
482,CODDOC0972,0
483,CODDOC0973,0
484,CODDOC0977,0
485,CODDOC0978,0
486,CODDOC0979,0
487,CODDOC0983,0
488,CODDOC0984,0
489,CODDOC0986,0
490,CODDOC0987,0
491,CODDOC0991,0
492,CODDOC0992,0
493,CODDOC0993,0
494,CODDOC0994,0
495,CODDOC0995,0
496,CODDOC0996,0
497,CODDOC0999,0
498,CODDOC1004,0
499,CODDOC1007,0
500,CODDOC1011,0
501,CODDOC1013,0
502,CODDOC1015,0
503,CODDOC1016,0
504,CODDOC1019,0
505,CODDOC1026,1
506,CODDOC1028,0
507,CODDOC1029,0
508,CODDOC1033,0
509,CODDOC1034,0
510,CODDOC1038,0
511,CODDOC1040,0
512,CODDOC1041,0
513,CODDOC1042,0
514,CODDOC1046,0
515,CODDOC1050,0
516,CODDOC1051,0
517,CODDOC1053,0
518,CODDOC1056,0
519,CODDOC1060,0
520,CODDOC1064,0
521,CODDOC1066,0
522,CODDOC1067,0
523,CODDOC1070,0
524,CODDOC1073,0
525,CODDOC1074,0
526,CODDOC1077,1
527,CODDOC1078,1
528,CODDOC1079,0
529,CODDOC1080,0
530,CODDOC1081,0
531,CODDOC1083,0
532,CODDOC1084,0
533,CODDOC1086,1
534,CODDOC1088,0
535,CODDOC1091,0
536,CODDOC1092,0
537,CODDOC1094,0
538,CODDOC1096,0
539,CODDOC1099,0
540,CODDOC1100,0
541,CODDOC1102,0
542,CODDOC1104,0
543,CODDOC1106,0
544,CODDOC1107,0
545,CODDOC1108,0
546,CODDOC1109,0
547,CODDOC1113,1
548,CODDOC1116,0
549,CODDOC1117,0
550,CODDOC1118,0
551,CODDOC1120,0
552,CODDOC1121,0
553,CODDOC1122,0
554,CODDOC1127,1
555,CODDOC1132,0
556,CODDOC1133,0
557,CODDOC1135,1
558,CODDOC1136,0
559,CODDOC1137,0
560,CODDOC1138,0
561,CODDOC1139,0
562,CODDOC1141,0
563,CODDOC1143,1
564,CODDOC1145,0
565,CODDOC1146,0
566,CODDOC1148,0
567,CODDOC1149,0
568,CODDOC1150,0
569,CODDOC1153,0
570,CODDOC1155,0
571,CODDOC1157,0
572,CODDOC1158,0
573,CODDOC1159,0
574,CODDOC1160,0
575,CODDOC1164,0
576,CODDOC1167,1
577,CODDOC1169,1
578,CODDOC1170,0
579,CODDOC1174,0
580,CODDOC1176,0
581,CODDOC1177,0
582,CODDOC1178,1
583,CODDOC1181,0
584,CODDOC1183,0
585,CODDOC1185,0
586,CODDOC1186,0
587,CODDOC1188,0
588,CODDOC1189,0
589,CODDOC1190,0
590,CODDOC1191,1
591,CODDOC1193,0
592,CODDOC1195,0
593,CODDOC1197,0
594,CODDOC1199,0
595,CODDOC1200,0
596,CODDOC1202,0
597,CODDOC1203,0
598,CODDOC1204,0
599,CODDOC1205,0
600,CODDOC1206,0
601,CODDOC1211,1
602,CODDOC1212,0
603,CODDOC1214,0
604,CODDOC1216,0
605,CODDOC1217,0
606,CODDOC1219,0
607,CODDOC1224,0
608,CODDOC1230,0
609,CODDOC1232,0
610,CODDOC1234,0
611,CODDOC1235,0
612,CODDOC1236,0
613,CODDOC1238,0
614,CODDOC1239,0
615,CODDOC1249,0
616,CODDOC1250,1
617,CODDOC1251,0
618,CODDOC1252,0
619,CODDOC1255,0
620,CODDOC1256,0
621,CODDOC1261,0
622,CODDOC1263,0
623,CODDOC1267,1
624,CODDOC1269,0
625,CODDOC1270,1
626,CODDOC1272,0
627,CODDOC1273,0
628,CODDOC1274,0
629,CODDOC1275,0
630,CODDOC1276,0
631,CODDOC1277,1
632,CODDOC1278,1
633,CODDOC1280,0
634,CODDOC1281,0
635,CODDOC1285,0
636,CODDOC1286,0
637,CODDOC1289,0
638,CODDOC1290,0
639,CODDOC1294,0
640,CODDOC1296,0
641,CODDOC1297,0
642,CODDOC1298,1
643,CODDOC1300,0
644,CODDOC1302,0
645,CODDOC1304,1
646,CODDOC1307,0
647,CODDOC1308,0
648,CODDOC1311,0
649,CODDOC1312,0
650,CODDOC1313,0
651,CODDOC1315,0
652,CODDOC1317,0
653,CODDOC1318,0
654,CODDOC1319,0
655,CODDOC1320,1
656,CODDOC1322,0
657,CODDOC1323,0
658,CODDOC1324,0
659,CODDOC1330,0
660,CODDOC1334,1
661,CODDOC1336,0
662,CODDOC1337,0
663,CODDOC1338,0
664,CODDOC1339,0
665,CODDOC1340,0
666,CODDOC1341,0
667,CODDOC1342,0
668,CODDOC1344,1
669,CODDOC1345,1
670,CODDOC1346,1
671,CODDOC1348,0
672,CODDOC1350,1
673,CODDOC1351,0
674,CODDOC1352,0
675,CODDOC1354,0
676,CODDOC1357,0
677,CODDOC1358,0
678,CODDOC1362,0
679,CODDOC1363,0
680,CODDOC1364,0
681,CODDOC1365,0
682,CODDOC1368,0
683,CODDOC1371,0
684,CODDOC1372,0
685,CODDOC1373,1
686,CODDOC1374,0
687,CODDOC1375,0
688,CODDOC1376,0
689,CODDOC1377,0
690,CODDOC1379,0
691,CODDOC1381,0
692,CODDOC1383,0
693,CODDOC1384,0
694,CODDOC1385,0
695,CODDOC1386,0
696,CODDOC1388,0
697,CODDOC1393,0
698,CODDOC1394,0
699,CODDOC1398,0
700,CODDOC1399,0
701,CODDOC1402,0
702,CODDOC1405,0
703,CODDOC1410,0
704,CODDOC1412,0
705,CODDOC1414,0
706,CODDOC1416,0
707,CODDOC1419,1
708,CODDOC1420,0
709,CODDOC1421,0
710,CODDOC1422,0
711,CODDOC1423,0
712,CODDOC1424,0
713,CODDOC1427,0
714,CODDOC1430,0
715,CODDOC1431,0
716,CODDOC1433,0
717,CODDOC1435,0
718,CODDOC1437,0
719,CODDOC1438,1
720,CODDOC1440,0
721,CODDOC1441,0
722,CODDOC1442,1
723,CODDOC1444,0
724,CODDOC1445,0
725,CODDOC1447,1
726,CODDOC1448,0
727,CODDOC1449,0
728,CODDOC1451,0
729,CODDOC1452,0
730,CODDOC1455,1
731,CODDOC1456,0
732,CODDOC1457,0
733,CODDOC1458,0
734,CODDOC1459,1
735,CODDOC1460,0
736,CODDOC1462,0
737,CODDOC1463,0
738,CODDOC1464,0
739,CODDOC1469,0
740,CODDOC1471,0
741,CODDOC1473,0
742,CODDOC1474,0
743,CODDOC1475,0
744,CODDOC1481,0
745,CODDOC1483,1
746,CODDOC1485,0
747,CODDOC1486,1
748,CODDOC1488,0
749,CODDOC1489,0
750,CODDOC1491,0
751,CODDOC1492,0
752,CODDOC1494,0
753,CODDOC1497,0
754,CODDOC1498,0
755,CODDOC1499,0
756,CODDOC1500,0
757,CODDOC1501,0
758,CODDOC1506,0
759,CODDOC1512,0
760,CODDOC1516,0
761,CODDOC1517,0
762,CODDOC1518,0
763,CODDOC1523,0
764,CODDOC1528,0
765,CODDOC1529,0
766,CODDOC1530,0
767,CODDOC1532,0
768,CODDOC1533,1
769,CODDOC1536,0
770,CODDOC1537,0
771,CODDOC1539,0
772,CODDOC1541,0
773,CODDOC1542,0
774,CODDOC1546,0
775,CODDOC1549,0
776,CODDOC1550,0
777,CODDOC1556,0
778,CODDOC1560,0
779,CODDOC1561,0
780,CODDOC1563,0
781,CODDOC1564,0
782,CODDOC1565,0
783,CODDOC1566,0
784,CODDOC1567,0
785,CODDOC1568,0
786,CODDOC1569,0
787,CODDOC1573,0
788,CODDOC1576,0
789,CODDOC1577,0
790,CODDOC1579,0
791,CODDOC1580,0
792,CODDOC1583,0
793,CODDOC1586,0
794,CODDOC1587,0
795,CODDOC1589,0
796,CODDOC1594,0
797,CODDOC1595,0
798,CODDOC1600,0
799,CODDOC1602,0
800,CODDOC1607,0
801,CODDOC1610,0
802,CODDOC1611,0
803,CODDOC1613,0
804,CODDOC1615,0
805,CODDOC1617,0
806,CODDOC1618,0
807,CODDOC1619,0
808,CODDOC1621,0
809,CODDOC1624,0
810,CODDOC1625,0
811,CODDOC1627,0
812,CODDOC1628,0
813,CODDOC1629,0
814,CODDOC1630,0
815,CODDOC1634,0
816,CODDOC1635,0
817,CODDOC1638,0
818,CODDOC1639,1
819,CODDOC1643,0
820,CODDOC1644,0
821,CODDOC1645,0
822,CODDOC1646,0
823,CODDOC1647,0
824,CODDOC1649,0
825,CODDOC1651,0
826,CODDOC1652,0
827,CODDOC1654,0
828,CODDOC1655,0
829,CODDOC1656,0
830,CODDOC1658,0
831,CODDOC1659,0
832,CODDOC1660,0
833,CODDOC1662,0
834,CODDOC1664,0
835,CODDOC1666,1
836,CODDOC1668,0
837,CODDOC1670,0
838,CODDOC1672,0
839,CODDOC1677,0
840,CODDOC1679,0
841,CODDOC1682,0
842,CODDOC1685,0
843,CODDOC1690,0
844,CODDOC1692,0
845,CODDOC1693,0
846,CODDOC1696,1
847,CODDOC1697,0
848,CODDOC1705,1
849,CODDOC1706,1
850,CODDOC1707,1
851,CODDOC1708,0
852,CODDOC1712,0
853,CODDOC1713,0
854,CODDOC1721,0
855,CODDOC1722,0
856,CODDOC1726,0
857,CODDOC1728,1
858,CODDOC1729,0
859,CODDOC1731,0
860,CODDOC1733,0
861,CODDOC1737,1
862,CODDOC1738,0
863,CODDOC1745,0
864,CODDOC1747,0
865,CODDOC1748,0
866,CODDOC1750,0
867,CODDOC1751,0
868,CODDOC1754,0
869,CODDOC1755,1
870,CODDOC1757,0
871,CODDOC1759,0
872,CODDOC1762,0
873,CODDOC1766,0
874,CODDOC1770,0
875,CODDOC1771,0
876,CODDOC1776,0
877,CODDOC1777,0
878,CODDOC1778,0
879,CODDOC1780,0
880,CODDOC1781,0
881,CODDOC1782,0
882,CODDOC1783,0
883,CODDOC1785,0
884,CODDOC1788,0
885,CODDOC1791,0
886,CODDOC1792,0
887,CODDOC1794,0
888,CODDOC1796,0
889,CODDOC1797,0
890,CODDOC1799,0
891,CODDOC1802,0
892,CODDOC1804,0
893,CODDOC1805,0
894,CODDOC1806,0
895,CODDOC1807,0
896,CODDOC1809,0
897,CODDOC1810,0
898,CODDOC1811,0
899,CODDOC1812,0
900,CODDOC1813,0
901,CODDOC1818,0
902,CODDOC1819,0
903,CODDOC1821,0
904,CODDOC1823,1
905,CODDOC1828,0
906,CODDOC1829,0
907,CODDOC1830,0
908,CODDOC1831,0
909,CODDOC1839,0
910,CODDOC1841,0
911,CODDOC1845,0
912,CODDOC1849,0
913,CODDOC1850,0
914,CODDOC1851,0
915,CODDOC1854,0
916,CODDOC1856,0
917,CODDOC1861,0
918,CODDOC1862,0
919,CODDOC1863,1
920,CODDOC1866,0
921,CODDOC1867,0
922,CODDOC1868,0
923,CODDOC1870,0
924,CODDOC1871,1
925,CODDOC1874,0
926,CODDOC1876,0
927,CODDOC1877,1
928,CODDOC1878,0
929,CODDOC1879,0
930,CODDOC1881,0
931,CODDOC1882,0
932,CODDOC1887,1
933,CODDOC1888,0
934,CODDOC1890,1
935,CODDOC1891,0
936,CODDOC1894,0
937,CODDOC1895,0
938,CODDOC1896,0
939,CODDOC1897,1
940,CODDOC1898,0
941,CODDOC1899,0
942,CODDOC1902,0
943,CODDOC1903,0
944,CODDOC1904,0
945,CODDOC1905,0
946,CODDOC1906,1
947,CODDOC1907,0
948,CODDOC1910,0
949,CODDOC1911,0
950,CODDOC1912,0
951,CODDOC1913,1
952,CODDOC1915,0
953,CODDOC1918,1
954,CODDOC1923,0
955,CODDOC1924,0
956,CODDOC1926,0
957,CODDOC1928,1
958,CODDOC1929,0
959,CODDOC1931,0
960,CODDOC1934,0
961,CODDOC1935,1
962,CODDOC1936,0
963,CODDOC1942,0
964,CODDOC1943,0
965,CODDOC1945,0
966,CODDOC1946,1
967,CODDOC1948,0
968,CODDOC1950,0
969,CODDOC1952,0
970,CODDOC1954,0
971,CODDOC1957,1
972,CODDOC1959,0
973,CODDOC1962,0
974,CODDOC1963,1
975,CODDOC1968,0
976,CODDOC1974,0
977,CODDOC1977,0
978,CODDOC1985,0
979,CODDOC1986,0
980,CODDOC1988,0
981,CODDOC1989,0
982,CODDOC1991,0
983,CODDOC1993,0
984,CODDOC1998,0
985,CODDOC2000,0
986,CODDOC2001,0
987,CODDOC2002,0
988,CODDOC2003,0
989,CODDOC2004,0
990,CODDOC2008,0
991,CODDOC2010,0
992,CODDOC2011,0
993,CODDOC2014,0
994,CODDOC2016,1
995,CODDOC2020,0
996,CODDOC2021,0
997,CODDOC2022,0
998,CODDOC2027,1
999,CODDOC2030,0
1000,CODDOC2032,0
1001,CODDOC2037,0
1002,CODDOC2038,1
1003,CODDOC2039,0
1004,CODDOC2041,0
1005,CODDOC2042,1
1006,CODDOC2045,0
1007,CODDOC2046,0
1008,CODDOC2049,0
1009,CODDOC2050,1
1010,CODDOC2053,0
1011,CODDOC2056,1
1012,CODDOC2057,0
1013,CODDOC2059,0
1014,CODDOC2061,0
1015,CODDOC2062,0
1016,CODDOC2063,0
1017,CODDOC2064,0
1018,CODDOC2066,0
1019,CODDOC2067,0
1020,CODDOC2069,1
1021,CODDOC2070,0
1022,CODDOC2072,0
1023,CODDOC2073,0
1024,CODDOC2075,0
1025,CODDOC2076,0
1026,CODDOC2083,0
1027,CODDOC2086,0
1028,CODDOC2088,0
1029,CODDOC2091,0
1030,CODDOC2094,0
1031,CODDOC2095,0
1032,CODDOC2096,0
1033,CODDOC2097,0
1034,CODDOC2098,0
1035,CODDOC2099,0
1036,CODDOC2101,0
1037,CODDOC2102,0
1038,CODDOC2108,0
1039,CODDOC2110,0
1040,CODDOC2111,0
1041,CODDOC2112,0
1042,CODDOC2113,0
1043,CODDOC2117,0
1044,CODDOC2118,0
1045,CODDOC2123,1
1046,CODDOC2124,0
1047,CODDOC2125,0
1048,CODDOC2126,0
1049,CODDOC2127,0
1050,CODDOC2128,0
1051,CODDOC2129,0
1052,CODDOC2130,1
1053,CODDOC2132,1
1054,CODDOC2136,0
1055,CODDOC2137,0
1056,CODDOC2140,0
1057,CODDOC2141,1
1058,CODDOC2144,1
1059,CODDOC2145,0
1060,CODDOC2148,0
1061,CODDOC2149,1
1062,CODDOC2150,0
1063,CODDOC2151,0
1064,CODDOC2152,0
1065,CODDOC2153,0
1066,CODDOC2154,0
1067,CODDOC2155,0
1068,CODDOC2156,0
1069,CODDOC2160,1
1070,CODDOC2161,1
1071,CODDOC2162,0
1072,CODDOC2164,0
1073,CODDOC2165,0
1074,CODDOC2166,0
1075,CODDOC2167,0
1076,CODDOC2169,1
1077,CODDOC2171,0
1078,CODDOC2172,0
1079,CODDOC2173,0
1080,CODDOC2175,0
1081,CODDOC2177,1
1082,CODDOC2179,0
1083,CODDOC2183,0
1084,CODDOC2184,0
1085,CODDOC2185,0
1086,CODDOC2187,0
1087,CODDOC2191,0
1088,CODDOC2192,0
1089,CODDOC2193,0
1090,CODDOC2194,0
1091,CODDOC2195,0
1092,CODDOC2196,0
1093,CODDOC2198,0
1094,CODDOC2200,0
1095,CODDOC2201,0
1096,CODDOC2207,0
1097,CODDOC2209,0
1098,CODDOC2211,0
1099,CODDOC2215,0
1100,CODDOC2216,0
1101,CODDOC2217,0
1102,CODDOC2218,0
1103,CODDOC2220,1
1104,CODDOC2222,0
1105,CODDOC2223,0
1106,CODDOC2225,0
1107,CODDOC2228,0
1108,CODDOC2231,0
1109,CODDOC2232,0
1110,CODDOC2234,1
1111,CODDOC2236,0
1112,CODDOC2238,0
1113,CODDOC2240,0
1114,CODDOC2241,0
1115,CODDOC2242,0
1116,CODDOC2243,0
1117,CODDOC2246,0
1118,CODDOC2251,0
1119,CODDOC2253,0
1120,CODDOC2255,0
1121,CODDOC2260,1
1122,CODDOC2261,0
1123,CODDOC2262,0
1124,CODDOC2263,0
1125,CODDOC2268,0
1126,CODDOC2271,0
1127,CODDOC2273,0
1128,CODDOC2274,0
1129,CODDOC2275,1
1130,CODDOC2277,0
1131,CODDOC2278,0
1132,CODDOC2283,0
1133,CODDOC2289,0
1134,CODDOC2293,0
1135,CODDOC2294,0
1136,CODDOC2295,0
1137,CODDOC2296,0
1138,CODDOC2299,0
1139,CODDOC2306,0
1140,CODDOC2307,0
1141,CODDOC2308,0
1142,CODDOC2310,0
1143,CODDOC2311,0
1144,CODDOC2313,0
1145,CODDOC2314,0
1146,CODDOC2315,0
1147,CODDOC2317,0
1148,CODDOC2319,0
1149,CODDOC2327,0
1150,CODDOC2328,0
1151,CODDOC2331,0
1152,CODDOC2332,0
1153,CODDOC2334,0
1154,CODDOC2336,0
1155,CODDOC2337,0
1156,CODDOC2338,0
1157,CODDOC2339,1
1158,CODDOC2340,0
1159,CODDOC2342,0
1160,CODDOC2343,0
1161,CODDOC2344,0
1162,CODDOC2348,1
1163,CODDOC2351,0
1164,CODDOC2354,0
1165,CODDOC2355,0
1166,CODDOC2360,0
1167,CODDOC2362,0
1168,CODDOC2363,0
1169,CODDOC2364,0
1170,CODDOC2365,0
1171,CODDOC2366,0
1172,CODDOC2367,0
1173,CODDOC2368,0
1174,CODDOC2369,0
1175,CODDOC2371,1
1176,CODDOC2372,0
1177,CODDOC2380,0
1178,CODDOC2385,0
1179,CODDOC2387,0
1180,CODDOC2388,0
1181,CODDOC2390,0
1182,CODDOC2393,0
1183,CODDOC2395,0
1184,CODDOC2396,0
1185,CODDOC2397,0
1186,CODDOC2400,0
1187,CODDOC2401,0
1188,CODDOC2403,0
1189,CODDOC2406,0
1190,CODDOC2408,0
1191,CODDOC2409,0
1192,CODDOC2410,0
1193,CODDOC2412,0
1194,CODDOC2416,0
1195,CODDOC2417,0
1196,CODDOC2418,1
1197,CODDOC2419,0
1198,CODDOC2420,1
1199,CODDOC2422,1
1200,CODDOC2423,0
1201,CODDOC2426,0
1202,CODDOC2427,0
1203,CODDOC2428,0
1204,CODDOC2431,0
1205,CODDOC2432,1
1206,CODDOC2435,0
1207,CODDOC2438,0
1208,CODDOC2439,0
1209,CODDOC2440,0
1210,CODDOC2441,0
1211,CODDOC2442,0
1212,CODDOC2444,0
1213,CODDOC2445,1
1214,CODDOC2448,0
1215,CODDOC2450,1
1216,CODDOC2452,0
1217,CODDOC2453,0
1218,CODDOC2457,0
1219,CODDOC2461,0
1220,CODDOC2464,0
1221,CODDOC2466,0
1222,CODDOC2467,0
1223,CODDOC2469,0
1224,CODDOC2473,0
1225,CODDOC2474,1
1226,CODDOC2475,0
1227,CODDOC2476,0
1228,CODDOC2477,0
1229,CODDOC2481,1
1230,CODDOC2482,0
1231,CODDOC2484,0
1232,CODDOC2486,0
1233,CODDOC2488,0
1234,CODDOC2489,0
1235,CODDOC2490,0
1236,CODDOC2494,0
1237,CODDOC2495,0
1238,CODDOC2498,0
1239,CODDOC2499,0
1240,CODDOC2500,0
1241,CODDOC2503,0
1242,CODDOC2504,0
1243,CODDOC2505,0
1244,CODDOC2508,0
1245,CODDOC2509,0
1246,CODDOC2510,0
1247,CODDOC2511,0
1248,CODDOC2514,0
1249,CODDOC2515,0
1250,CODDOC2517,0
1251,CODDOC2518,0
1252,CODDOC2519,0
1253,CODDOC2524,0
1254,CODDOC2525,0
1255,CODDOC2529,0
1256,CODDOC2530,0
1257,CODDOC2531,0
1258,CODDOC2533,0
1259,CODDOC2534,0
1260,CODDOC2536,0
1261,CODDOC2539,0
1262,CODDOC2540,1
1263,CODDOC2542,0
1264,CODDOC2545,0
1265,CODDOC2548,0
1266,CODDOC2549,0
1267,CODDOC2550,0
1268,CODDOC2551,0
1269,CODDOC2553,0
1270,CODDOC2554,1
1271,CODDOC2555,0
1272,CODDOC2556,0
1273,CODDOC2559,0
1274,CODDOC2560,0
1275,CODDOC2561,0
1276,CODDOC2567,0
1277,CODDOC2570,0
1278,CODDOC2573,0
1279,CODDOC2575,0
1280,CODDOC2580,0
1281,CODDOC2581,0
1282,CODDOC2584,0
1283,CODDOC2586,0
1284,CODDOC2587,0
1285,CODDOC2589,0
1286,CODDOC2590,0
1287,CODDOC2592,0
1288,CODDOC2593,0
1289,CODDOC2594,0
1290,CODDOC2597,0
1291,CODDOC2600,0
1292,CODDOC2603,0
1293,CODDOC2605,0
1294,CODDOC2606,0
1295,CODDOC2609,0
1296,CODDOC2610,0
1297,CODDOC2612,0
1298,CODDOC2616,0
1299,CODDOC2617,0
1300,CODDOC2618,0
1301,CODDOC2619,0
1302,CODDOC2620,1
1303,CODDOC2621,0
1304,CODDOC2623,0
1305,CODDOC2625,0
1306,CODDOC2626,0
1307,CODDOC2629,0
1308,CODDOC2631,0
1309,CODDOC2632,0
1310,CODDOC2634,1
1311,CODDOC2635,0
1312,CODDOC2639,0
1313,CODDOC2648,0
1314,CODDOC2654,1
1315,CODDOC2656,1
1316,CODDOC2659,0
1317,CODDOC2660,0
1318,CODDOC2662,0
1319,CODDOC2664,0
1320,CODDOC2666,1
1321,CODDOC2668,0
1322,CODDOC2669,0
1323,CODDOC2671,0
1324,CODDOC2672,0
1325,CODDOC2673,0
1326,CODDOC2674,0
1327,CODDOC2675,0
1328,CODDOC2676,1
1329,CODDOC2677,0
1330,CODDOC2679,0
1331,CODDOC2683,0
1332,CODDOC2684,0
1333,CODDOC2686,1
1334,CODDOC2688,0
1335,CODDOC2689,1
1336,CODDOC2690,0
1337,CODDOC2697,1
1338,CODDOC2703,0
1339,CODDOC2704,0
1340,CODDOC2705,0
1341,CODDOC2706,1
1342,CODDOC2707,0
1343,CODDOC2710,0
1344,CODDOC2714,0
1345,CODDOC2715,0
1346,CODDOC2717,0
1347,CODDOC2719,0
1348,CODDOC2720,0
1349,CODDOC2721,1
1350,CODDOC2722,0
1351,CODDOC2725,0
1352,CODDOC2728,0
1353,CODDOC2729,0
1354,CODDOC2730,0
1355,CODDOC2732,0
1356,CODDOC2735,0
1357,CODDOC2739,0
1358,CODDOC2742,0
1359,CODDOC2744,0
1360,CODDOC2745,0
1361,CODDOC2747,1
1362,CODDOC2748,0
1363,CODDOC2750,0
1364,CODDOC2751,0
1365,CODDOC2752,1
1366,CODDOC2757,0
1367,CODDOC2758,0
1368,CODDOC2759,0
1369,CODDOC2761,1
1370,CODDOC2763,0
1371,CODDOC2764,0
1372,CODDOC2767,0
1373,CODDOC2768,0
1374,CODDOC2769,0
1375,CODDOC2771,0
1376,CODDOC2772,0
1377,CODDOC2773,0
1378,CODDOC2774,0
1379,CODDOC2775,0
1380,CODDOC2776,0
1381,CODDOC2777,1
1382,CODDOC2782,0
1383,CODDOC2783,0
1384,CODDOC2784,0
1385,CODDOC2788,0
1386,CODDOC2789,0
1387,CODDOC2791,0
1388,CODDOC2792,0
1389,CODDOC2794,0
1390,CODDOC2798,0
1391,CODDOC2799,0
1392,CODDOC2800,0
1393,CODDOC2805,0
1394,CODDOC2809,0
1395,CODDOC2811,0
1396,CODDOC2813,0
1397,CODDOC2814,0
1398,CODDOC2818,0
1399,CODDOC2821,0
1400,CODDOC2822,0
1401,CODDOC2823,0
1402,CODDOC2824,1
1403,CODDOC2829,0
1404,CODDOC2830,0
1405,CODDOC2837,0
1406,CODDOC2840,0
1407,CODDOC2842,0
1408,CODDOC2843,0
1409,CODDOC2844,0
1410,CODDOC2845,0
1411,CODDOC2847,0
1412,CODDOC2849,0
1413,CODDOC2852,0
1414,CODDOC2854,0
1415,CODDOC2856,0
1416,CODDOC2857,0
1417,CODDOC2858,0
1418,CODDOC2861,0
1419,CODDOC2864,0
1420,CODDOC2866,1
1421,CODDOC2867,0
1422,CODDOC2868,0
1423,CODDOC2869,0
1424,CODDOC2870,0
1425,CODDOC2871,0
1426,CODDOC2879,0
1427,CODDOC2881,0
1428,CODDOC2882,0
1429,CODDOC2883,0
1430,CODDOC2884,0
1431,CODDOC2886,0
1432,CODDOC2892,1
1433,CODDOC2895,0
1434,CODDOC2898,0
1435,CODDOC2899,0
1436,CODDOC2900,0
1437,CODDOC2902,0
1438,CODDOC2905,0
1439,CODDOC2906,0
1440,CODDOC2907,0
1441,CODDOC2911,0
1442,CODDOC2919,0
1443,CODDOC2920,0
1444,CODDOC2922,0
1445,CODDOC2926,0
1446,CODDOC2927,0
1447,CODDOC2928,0
1448,CODDOC2929,0
1449,CODDOC2935,0
1450,CODDOC2937,0
1451,CODDOC2938,0
1452,CODDOC2939,0
1453,CODDOC2940,0
1454,CODDOC2941,1
1455,CODDOC2942,0
1456,CODDOC2947,0
1457,CODDOC2949,1
1458,CODDOC2950,0
1459,CODDOC2955,0
1460,CODDOC2956,0
1461,CODDOC2957,0
1462,CODDOC2959,0
1463,CODDOC2960,0
1464,CODDOC2961,0
1465,CODDOC2966,0
1466,CODDOC2967,0
1467,CODDOC2970,0
1468,CODDOC2974,1
1469,CODDOC2976,0
1470,CODDOC2978,0
1471,CODDOC2981,1
1472,CODDOC2984,0
1473,CODDOC2986,1
1474,CODDOC2988,0
1475,CODDOC2991,0
1476,CODDOC2995,0
1477,CODDOC2997,0
1478,CODDOC2998,0
1479,CODDOC3003,0
1480,CODDOC3004,0
1481,CODDOC3006,1
1482,CODDOC3009,0
1483,CODDOC3010,0
1484,CODDOC3013,0
1485,CODDOC3020,0
1486,CODDOC3021,0
1487,CODDOC3024,0
1488,CODDOC3025,0
1489,CODDOC3026,0
1490,CODDOC3027,0
1491,CODDOC3028,1
1492,CODDOC3031,0
1493,CODDOC3036,0
1494,CODDOC3037,0
1495,CODDOC3038,0
1496,CODDOC3039,0
1497,CODDOC3040,0
1498,CODDOC3041,1
1499,CODDOC3043,0
1500,CODDOC3045,0
1501,CODDOC3046,0
1502,CODDOC3048,0
1503,CODDOC3051,0
1504,CODDOC3052,0
1505,CODDOC3059,0
1506,CODDOC3060,0
1507,CODDOC3061,0
1508,CODDOC3064,0
1509,CODDOC3067,0
1510,CODDOC3069,0
1511,CODDOC3072,0
1512,CODDOC3076,0
1513,CODDOC3079,0
1514,CODDOC3080,0
1515,CODDOC3081,1
1516,CODDOC3085,0
1517,CODDOC3086,0
1518,CODDOC3088,0
1519,CODDOC3091,0
1520,CODDOC3093,0
1521,CODDOC3094,0
1522,CODDOC3095,1
1523,CODDOC3096,0
1524,CODDOC3097,0
1525,CODDOC3098,0
1526,CODDOC3099,0
1527,CODDOC3108,0
1528,CODDOC3114,0
1529,CODDOC3115,0
1530,CODDOC3116,0
1531,CODDOC3118,1
1532,CODDOC3119,0
1533,CODDOC3120,0
1534,CODDOC3121,0
1535,CODDOC3124,1
1536,CODDOC3126,0
1537,CODDOC3127,0
1538,CODDOC3128,0
1539,CODDOC3129,0
1540,CODDOC3130,0
1541,CODDOC3132,0
1542,CODDOC3134,0
1543,CODDOC3137,0
1544,CODDOC3138,0
1545,CODDOC3140,0
1546,CODDOC3142,0
1547,CODDOC3148,0
1548,CODDOC3149,0
1549,CODDOC3150,0
1550,CODDOC3152,0
1551,CODDOC3155,0
1552,CODDOC3158,0
1553,CODDOC3159,0
1554,CODDOC3160,0
1555,CODDOC3161,1
1556,CODDOC3163,0
1557,CODDOC3165,0
1558,CODDOC3166,0
1559,CODDOC3167,0
1560,CODDOC3169,0
1561,CODDOC3170,0
1562,CODDOC3173,0
1563,CODDOC3175,0
1564,CODDOC3177,1
1565,CODDOC3182,0
1566,CODDOC3190,0
1567,CODDOC3191,0
1568,CODDOC3192,0
1569,CODDOC3194,0
1570,CODDOC3195,0
1571,CODDOC3198,0
1572,CODDOC3199,0
1573,CODDOC3200,0
1574,CODDOC3201,0
1575,CODDOC3202,0
1576,CODDOC3205,1
1577,CODDOC3206,1
1578,CODDOC3208,0
1579,CODDOC3209,0
1580,CODDOC3210,0
1581,CODDOC3211,0
1582,CODDOC3213,0
1583,CODDOC3214,0
1584,CODDOC3215,0
1585,CODDOC3216,0
1586,CODDOC3217,0
1587,CODDOC3219,0
1588,CODDOC3220,1
1589,CODDOC3222,0
1590,CODDOC3223,0
1591,CODDOC3225,1
1592,CODDOC3226,0
1593,CODDOC3228,0
1594,CODDOC3231,0
1595,CODDOC3233,0
1596,CODDOC3241,0
1597,CODDOC3242,0
1598,CODDOC3245,0
1599,CODDOC3247,0
1600,CODDOC3248,0
1601,CODDOC3249,1
1602,CODDOC3256,0
1603,CODDOC3257,1
1604,CODDOC3258,0
1605,CODDOC3259,0
1606,CODDOC3261,0
1607,CODDOC3272,1
1608,CODDOC3275,0
1609,CODDOC3276,0
1610,CODDOC3280,0
1611,CODDOC3284,0
1612,CODDOC3285,0
1613,CODDOC3287,0
1614,CODDOC3289,0
1615,CODDOC3291,0
1616,CODDOC3293,0
1617,CODDOC3295,0
1618,CODDOC3296,0
1619,CODDOC3299,0
1620,CODDOC3300,0
1621,CODDOC3301,0
1622,CODDOC3304,0
1623,CODDOC3306,1
1624,CODDOC3307,0
1625,CODDOC3310,0
1626,CODDOC3311,0
1627,CODDOC3314,0
1628,CODDOC3315,1
1629,CODDOC3316,1
1630,CODDOC3317,1
1631,CODDOC3318,1
1632,CODDOC3319,0
1633,CODDOC3320,0
1634,CODDOC3322,1
1635,CODDOC3323,0
1636,CODDOC3324,0
1637,CODDOC3325,0
1638,CODDOC3327,0
1639,CODDOC3328,0
1640,CODDOC3329,0
1641,CODDOC3330,0
1642,CODDOC3331,0
1643,CODDOC3333,0
1644,CODDOC3335,0
1645,CODDOC3339,0
1646,CODDOC3340,0
1647,CODDOC3341,0
1648,CODDOC3342,1
1649,CODDOC3343,0
1650,CODDOC3347,0
1651,CODDOC3351,0
1652,CODDOC3352,0
1653,CODDOC3353,0
1654,CODDOC3354,0
1655,CODDOC3355,1
1656,CODDOC3357,0
1657,CODDOC3359,0
1658,CODDOC3362,0
1659,CODDOC3363,0
1660,CODDOC3365,0
1661,CODDOC3367,0
1662,CODDOC3368,1
1663,CODDOC3370,0
1664,CODDOC3371,0
1665,CODDOC3374,0
1666,CODDOC3376,0
1667,CODDOC3378,0
1668,CODDOC3380,0
1669,CODDOC3384,0
1670,CODDOC3386,1
1671,CODDOC3388,0
1672,CODDOC3389,0
1673,CODDOC3391,0
1674,CODDOC3392,0
1675,CODDOC3393,0
1676,CODDOC3394,0
1677,CODDOC3396,0
1678,CODDOC3399,0
1679,CODDOC3401,0
1680,CODDOC3410,0
1681,CODDOC3412,0
1682,CODDOC3413,0
1683,CODDOC3414,1
1684,CODDOC3416,0
1685,CODDOC3417,0
1686,CODDOC3419,0
1687,CODDOC3422,0
1688,CODDOC3425,1
1689,CODDOC3429,0
1690,CODDOC3430,0
1691,CODDOC3433,0
1692,CODDOC3435,0
1693,CODDOC3436,0
1694,CODDOC3437,0
1695,CODDOC3438,0
1696,CODDOC3439,0
1697,CODDOC3441,0
1698,CODDOC3443,0
1699,CODDOC3444,0
1700,CODDOC3446,0
1701,CODDOC3448,0
1702,CODDOC3451,0
1703,CODDOC3453,0
1704,CODDOC3454,0
1705,CODDOC3455,0
1706,CODDOC3457,0
1707,CODDOC3459,0
1708,CODDOC3460,0
1709,CODDOC3462,0
1710,CODDOC3465,0
1711,CODDOC3466,0
1712,CODDOC3467,0
1713,CODDOC3468,0
1714,CODDOC3469,0
1715,CODDOC3470,0
1716,CODDOC3473,0
1717,CODDOC3474,0
1718,CODDOC3475,0
1719,CODDOC3477,0
1720,CODDOC3478,0
1721,CODDOC3480,0
1722,CODDOC3481,0
1723,CODDOC3482,0
1724,CODDOC3483,0
1725,CODDOC3490,0
1726,CODDOC3491,0
1727,CODDOC3492,0
1728,CODDOC3493,0
1729,CODDOC3494,0
1730,CODDOC3495,0
1731,CODDOC3498,0
1732,CODDOC3499,1
1733,CODDOC3500,0
1734,CODDOC3501,0
1735,CODDOC3503,1
1736,CODDOC3504,0
1737,CODDOC3506,0
1738,CODDOC3508,0
1739,CODDOC3509,0
1740,CODDOC3510,0
1741,CODDOC3511,1
1742,CODDOC3513,0
1743,CODDOC3514,0
1744,CODDOC3518,0
1745,CODDOC3519,0
1746,CODDOC3524,0
1747,CODDOC3525,0
1748,CODDOC3526,0
1749,CODDOC3527,0
1750,CODDOC3528,1
1751,CODDOC3530,0
1752,CODDOC3533,0
1753,CODDOC3535,0
1754,CODDOC3536,0
1755,CODDOC3537,0
1756,CODDOC3538,0
1757,CODDOC3542,0
1758,CODDOC3543,0
1759,CODDOC3545,0
1760,CODDOC3546,0
1761,CODDOC3548,0
1762,CODDOC3549,0
1763,CODDOC3551,0
1764,CODDOC3553,0
1765,CODDOC3554,1
1766,CODDOC3558,0
1767,CODDOC3559,1
1768,CODDOC3560,0
1769,CODDOC3561,0
1770,CODDOC3562,0
1771,CODDOC3563,0
1772,CODDOC3566,0
1773,CODDOC3567,0
1774,CODDOC3568,0
1775,CODDOC3570,0
1776,CODDOC3572,0
1777,CODDOC3578,0
1778,CODDOC3579,0
1779,CODDOC3582,0
1780,CODDOC3583,0
1781,CODDOC3584,0
1782,CODDOC3585,0
1783,CODDOC3586,0
1784,CODDOC3588,0
1785,CODDOC3589,0
1786,CODDOC3590,0
1787,CODDOC3593,0
1788,CODDOC3594,0
1789,CODDOC3596,0
1790,CODDOC3601,0
1791,CODDOC3603,0
1792,CODDOC3605,0
1793,CODDOC3606,0
1794,CODDOC3607,0
1795,CODDOC3608,1
1796,CODDOC3609,0
1797,CODDOC3613,0
1798,CODDOC3614,0
1799,CODDOC3617,0
1800,CODDOC3619,0
1801,CODDOC3621,0
1802,CODDOC3622,0
1803,CODDOC3624,0
1804,CODDOC3625,0
1805,CODDOC3626,0
1806,CODDOC3627,0
1807,CODDOC3628,0
1808,CODDOC3629,0
1809,CODDOC3633,0
1810,CODDOC3636,0
1811,CODDOC3638,0
1812,CODDOC3639,0
1813,CODDOC3641,0
1814,CODDOC3647,0
1815,CODDOC3648,0
1816,CODDOC3652,0
1817,CODDOC3654,1
1818,CODDOC3655,0
1819,CODDOC3656,0
1820,CODDOC3657,0
1821,CODDOC3658,0
1822,CODDOC3660,0
1823,CODDOC3661,0
1824,CODDOC3662,0
1825,CODDOC3665,0
1826,CODDOC3669,0
1827,CODDOC3672,0
1828,CODDOC3673,0
1829,CODDOC3680,0
1830,CODDOC3685,1
1831,CODDOC3686,0
1832,CODDOC3687,0
1833,CODDOC3689,0
1834,CODDOC3694,0
1835,CODDOC3696,0
1836,CODDOC3700,0
1837,CODDOC3701,0
1838,CODDOC3704,0
1839,CODDOC3705,0
1840,CODDOC3707,0
1841,CODDOC3709,0
1842,CODDOC3710,0
1843,CODDOC3712,0
1844,CODDOC3713,0
1845,CODDOC3715,0
1846,CODDOC3719,0
1847,CODDOC3720,0
1848,CODDOC3722,0
1849,CODDOC3724,0
1850,CODDOC3730,0
1851,CODDOC3732,0
1852,CODDOC3736,0
1853,CODDOC3739,0
1854,CODDOC3740,0
1855,CODDOC3741,1
1856,CODDOC3742,0
1857,CODDOC3744,1
1858,CODDOC3745,0
1859,CODDOC3746,0
1860,CODDOC3747,0
1861,CODDOC3748,0
1862,CODDOC3751,0
1863,CODDOC3755,1
1864,CODDOC3758,0
1865,CODDOC3759,0
1866,CODDOC3760,0
1867,CODDOC3766,1
1868,CODDOC3768,0
1869,CODDOC3769,0
1870,CODDOC3771,0
1871,CODDOC3772,1
1872,CODDOC3774,0
1873,CODDOC3776,0
1874,CODDOC3778,0
1875,CODDOC3779,1
1876,CODDOC3787,0
1877,CODDOC3790,1
1878,CODDOC3792,0
1879,CODDOC3794,0
1880,CODDOC3795,0
1881,CODDOC3797,1
1882,CODDOC3798,1
1883,CODDOC3800,0
1884,CODDOC3801,0
1885,CODDOC3803,0
1886,CODDOC3804,0
1887,CODDOC3806,0
1888,CODDOC3807,0
1889,CODDOC3811,0
1890,CODDOC3813,0
1891,CODDOC3815,0
1892,CODDOC3819,1
1893,CODDOC3820,0
1894,CODDOC3826,0
1895,CODDOC3828,0
1896,CODDOC3833,0
1897,CODDOC3836,1
1898,CODDOC3838,0
1899,CODDOC3841,0
1900,CODDOC3844,1
1901,CODDOC3845,1
1902,CODDOC3848,0
1903,CODDOC3850,0
1904,CODDOC3852,0
1905,CODDOC3853,1
1906,CODDOC3854,1
1907,CODDOC3857,0
1908,CODDOC3859,0
1909,CODDOC3862,0
1910,CODDOC3864,0
1911,CODDOC3866,0
1912,CODDOC3867,0
1913,CODDOC3869,0
1914,CODDOC3871,0
1915,CODDOC3873,0
1916,CODDOC3874,1
1917,CODDOC3875,1
1918,CODDOC3876,0
1919,CODDOC3877,0
1920,CODDOC3879,0
1921,CODDOC3885,0
1922,CODDOC3886,0
1923,CODDOC3887,0
1924,CODDOC3894,0
1925,CODDOC3901,0
1926,CODDOC3902,0
1927,CODDOC3903,0
1928,CODDOC3905,0
1929,CODDOC3906,0
1930,CODDOC3909,0
1931,CODDOC3910,1
1932,CODDOC3911,0
1933,CODDOC3912,0
1934,CODDOC3913,0
1935,CODDOC3915,1
1936,CODDOC3916,0
1937,CODDOC3918,1
1938,CODDOC3921,0
1939,CODDOC3922,0
1940,CODDOC3924,0
1941,CODDOC3925,0
1942,CODDOC3926,0
1943,CODDOC3927,0
1944,CODDOC3930,0
1945,CODDOC3932,1
1946,CODDOC3933,1
1947,CODDOC3939,0
1948,CODDOC3941,0
1949,CODDOC3943,1
1950,CODDOC3944,0
1951,CODDOC3945,0
1952,CODDOC3948,0
1953,CODDOC3949,0
1954,CODDOC3954,0
1955,CODDOC3955,0
1956,CODDOC3956,0
1957,CODDOC3961,0
1958,CODDOC3963,0
1959,CODDOC3964,0
1960,CODDOC3965,0
1961,CODDOC3968,0
1962,CODDOC3971,0
1963,CODDOC3972,0
1964,CODDOC3974,0
1965,CODDOC3975,0
1966,CODDOC3977,0
1967,CODDOC3980,0
1968,CODDOC3982,0
1969,CODDOC3983,0
1970,CODDOC3984,0
1971,CODDOC3986,0
1972,CODDOC3988,0
1973,CODDOC3989,0
1974,CODDOC3991,0
1975,CODDOC3992,0
1976,CODDOC3993,0
1977,CODDOC3995,0
1978,CODDOC3999,0
1979,CODDOC4004,0
1980,CODDOC4006,0
1981,CODDOC4007,0
1982,CODDOC4009,0
1983,CODDOC4011,0
1984,CODDOC4012,0
1985,CODDOC4014,0
1986,CODDOC4018,0
1987,CODDOC4021,0
1988,CODDOC4022,1
1989,CODDOC4023,0
1990,CODDOC4024,0
1991,CODDOC4025,0
1992,CODDOC4026,0
1993,CODDOC4027,0
1994,CODDOC4028,0
1995,CODDOC4029,1
1996,CODDOC4030,0
1997,CODDOC4034,0
1998,CODDOC4036,0
1999,CODDOC4037,1
2000,CODDOC4038,0
2001,CODDOC4039,1
2002,CODDOC4042,0
2003,CODDOC4044,0
2004,CODDOC4046,0
2005,CODDOC4049,0
2006,CODDOC4050,0
2007,CODDOC4055,0
2008,CODDOC4057,1
2009,CODDOC4059,0
2010,CODDOC4060,0
2011,CODDOC4063,0
2012,CODDOC4064,0
2013,CODDOC4068,0
2014,CODDOC4071,0
2015,CODDOC4073,1
2016,CODDOC4074,0
2017,CODDOC4077,0
2018,CODDOC4078,0
2019,CODDOC4080,0
2020,CODDOC4081,0
2021,CODDOC4083,0
2022,CODDOC4085,0
2023,CODDOC4086,0
2024,CODDOC4089,0
2025,CODDOC4090,0
2026,CODDOC4092,0
2027,CODDOC4096,0
2028,CODDOC4097,0
2029,CODDOC4099,0
2030,CODDOC4100,0
2031,CODDOC4103,0
2032,CODDOC4107,0
2033,CODDOC4110,0
2034,CODDOC4111,0
2035,CODDOC4112,0
2036,CODDOC4115,0
2037,CODDOC4116,0
2038,CODDOC4118,1
2039,CODDOC4121,0
2040,CODDOC4122,0
2041,CODDOC4126,1
2042,CODDOC4128,0
2043,CODDOC4129,0
2044,CODDOC4135,0
2045,CODDOC4136,0
2046,CODDOC4137,0
2047,CODDOC4138,0
2048,CODDOC4140,0
2049,CODDOC4142,0
2050,CODDOC4143,0
2051,CODDOC4145,0
2052,CODDOC4149,1
2053,CODDOC4151,0
2054,CODDOC4153,0
2055,CODDOC4154,0
2056,CODDOC4156,0
2057,CODDOC4160,1
2058,CODDOC4162,0
2059,CODDOC4163,0
2060,CODDOC4164,0
2061,CODDOC4165,0
2062,CODDOC4169,0
2063,CODDOC4172,0
2064,CODDOC4173,0
2065,CODDOC4175,0
2066,CODDOC4177,1
2067,CODDOC4180,0
2068,CODDOC4182,0
2069,CODDOC4183,0
2070,CODDOC4184,0
2071,CODDOC4188,0
2072,CODDOC4189,0
2073,CODDOC4191,0
2074,CODDOC4197,1
2075,CODDOC4198,0
2076,CODDOC4199,1
2077,CODDOC4200,0
2078,CODDOC4201,0
2079,CODDOC4202,0
2080,CODDOC4204,0
2081,CODDOC4205,0
2082,CODDOC4206,0
2083,CODDOC4209,0
2084,CODDOC4210,0
2085,CODDOC4212,1
2086,CODDOC4217,0
2087,CODDOC4219,0
2088,CODDOC4220,0
2089,CODDOC4221,1
2090,CODDOC4223,0
2091,CODDOC4224,0
2092,CODDOC4227,0
2093,CODDOC4229,0
2094,CODDOC4236,0
2095,CODDOC4239,1
2096,CODDOC4240,0
2097,CODDOC4241,0
2098,CODDOC4244,0
2099,CODDOC4245,0
2100,CODDOC4246,0
2101,CODDOC4249,0
2102,CODDOC4250,0
2103,CODDOC4251,1
2104,CODDOC4252,0
2105,CODDOC4255,0
2106,CODDOC4256,0
2107,CODDOC4258,0
2108,CODDOC4261,0
2109,CODDOC4262,0
2110,CODDOC4266,0
2111,CODDOC4267,0
2112,CODDOC4274,0
2113,CODDOC4275,0
2114,CODDOC4278,0
2115,CODDOC4279,0
2116,CODDOC4280,0
2117,CODDOC4283,1
2118,CODDOC4285,0
2119,CODDOC4286,0
2120,CODDOC4287,0
2121,CODDOC4293,0
2122,CODDOC4294,0
2123,CODDOC4296,0
2124,CODDOC4298,0
2125,CODDOC4301,1
2126,CODDOC4303,0
2127,CODDOC4304,0
2128,CODDOC4307,0
2129,CODDOC4308,0
2130,CODDOC4309,0
2131,CODDOC4310,0
2132,CODDOC4311,0
2133,CODDOC4312,0
2134,CODDOC4315,0
2135,CODDOC4316,0
2136,CODDOC4319,0
2137,CODDOC4320,0
2138,CODDOC4322,0
2139,CODDOC4323,0
2140,CODDOC4325,0
2141,CODDOC4328,0
2142,CODDOC4329,1
2143,CODDOC4330,0
2144,CODDOC4331,0
2145,CODDOC4332,0
2146,CODDOC4334,0
2147,CODDOC4338,1
2148,CODDOC4339,0
2149,CODDOC4340,0
2150,CODDOC4343,1
2151,CODDOC4344,0
2152,CODDOC4345,0
2153,CODDOC4349,0
2154,CODDOC4353,0
2155,CODDOC4356,0
2156,CODDOC4357,0
2157,CODDOC4358,0
2158,CODDOC4359,0
2159,CODDOC4362,0
2160,CODDOC4364,0
2161,CODDOC4367,1
2162,CODDOC4369,0
2163,CODDOC4371,0
2164,CODDOC4373,0
2165,CODDOC4375,0
2166,CODDOC4376,0
2167,CODDOC4384,0
2168,CODDOC4386,0
2169,CODDOC4387,0
2170,CODDOC4388,0
2171,CODDOC4389,1
2172,CODDOC4390,0
2173,CODDOC4393,0
2174,CODDOC4394,0
2175,CODDOC4395,0
2176,CODDOC4400,0
2177,CODDOC4402,0
2178,CODDOC4407,0
2179,CODDOC4408,1
2180,CODDOC4409,0
2181,CODDOC4410,0
2182,CODDOC4413,0
2183,CODDOC4414,0
2184,CODDOC4415,0
2185,CODDOC4418,0
2186,CODDOC4420,0
2187,CODDOC4421,0
2188,CODDOC4423,0
2189,CODDOC4426,0
2190,CODDOC4429,0
2191,CODDOC4431,0
2192,CODDOC4432,0
2193,CODDOC4434,0
2194,CODDOC4435,0
2195,CODDOC4436,0
2196,CODDOC4438,1
2197,CODDOC4441,0
2198,CODDOC4442,0
2199,CODDOC4443,0
2200,CODDOC4450,0
2201,CODDOC4451,0
2202,CODDOC4454,0
2203,CODDOC4455,0
2204,CODDOC4456,0
2205,CODDOC4458,0
2206,CODDOC4461,0
2207,CODDOC4463,0
2208,CODDOC4464,0
2209,CODDOC4467,0
2210,CODDOC4468,0
2211,CODDOC4471,0
2212,CODDOC4475,0
2213,CODDOC4477,0
2214,CODDOC4478,0
2215,CODDOC4479,0
2216,CODDOC4480,0
2217,CODDOC4482,0
2218,CODDOC4483,0
2219,CODDOC4485,1
2220,CODDOC4488,0
2221,CODDOC4489,0
2222,CODDOC4490,0
2223,CODDOC4492,0
2224,CODDOC4493,0
2225,CODDOC4494,0
2226,CODDOC4497,0
2227,CODDOC4498,0
2228,CODDOC4499,0
2229,CODDOC4501,0
2230,CODDOC4503,0
2231,CODDOC4509,0
2232,CODDOC4510,0
2233,CODDOC4511,0
2234,CODDOC4513,0
2235,CODDOC4514,0
2236,CODDOC4515,0
2237,CODDOC4518,0
2238,CODDOC4519,0
2239,CODDOC4521,0
